title,actor
12 Years a Slave,Michael Fassbender
12 Years a Slave,Lupita Nyong'o
12 Years a Slave,Benedict Cumberbatch
12 Years a Slave,Paul Dano
12 Years a Slave,Sarah Paulson
12 Years a Slave,Brad Pitt
About Time,Domhnall Gleeson
About Time,Bill Nighy
About Time,Margot Robbie
Ad Astra,Brad Pitt
Ad Astra,Donald Sutherland
American Hustle,Christian Bale
American Hustle,Bradley Cooper
American Hustle,Amy Adams
American Hustle,Jeremy Renner
American Hustle,Jennifer Lawrence
American Hustle,Shea Whigham
Arrival,Amy Adams
Arrival,Jeremy Renner
Avatar: The Way of Water,Zoe Saldaña
Avengers: Age of Ultron,Robert Downey Jr.
Avengers: Age of Ultron,Chris Hemsworth
Avengers: Age of Ultron,Mark Ruffalo
Avengers: Age of Ultron,Chris Evans
Avengers: Age of Ultron,Scarlett Johansson
Avengers: Age of Ultron,Jeremy Renner
Avengers: Age of Ultron,Samuel L. Jackson
Avengers: Age of Ultron,Don Cheadle
Avengers: Age of Ultron,Aaron Taylor-Johnson
Avengers: Endgame,Robert Downey Jr.
Avengers: Endgame,Chris Evans
Avengers: Endgame,Mark Ruffalo
Avengers: Endgame,Chris Hemsworth
Avengers: Endgame,Scarlett Johansson
Avengers: Endgame,Jeremy Renner
Avengers: Endgame,Josh Brolin
Avengers: Endgame,Don Cheadle
Avengers: Endgame,Benedict Cumberbatch
Avengers: Infinity War,Robert Downey Jr.
Avengers: Infinity War,Chris Evans
Avengers: Infinity War,Chris Hemsworth
Avengers: Infinity War,Josh Brolin
Avengers: Infinity War,Mark Ruffalo
Avengers: Infinity War,Scarlett Johansson
Avengers: Infinity War,Don Cheadle
Avengers: Infinity War,Benedict Cumberbatch
Barbie,Margot Robbie
Barbie,Ryan Gosling
Barbie,America Ferrera
Batman v Superman: Dawn of Justice,Ben Affleck
Batman v Superman: Dawn of Justice,Henry Cavill
Batman v Superman: Dawn of Justice,Gal Gadot
Batman v Superman: Dawn of Justice,Amy Adams
Batman v Superman: Dawn of Justice,Diane Lane
Batman v Superman: Dawn of Justice,Laurence Fishburne
Batman v Superman: Dawn of Justice,Jeremy Irons
Birdman or (The Unexpected Virtue of Ignorance),Emma Stone
Birds of Prey (and the Fantabulous Emancipation of One Harley Quinn),Margot Robbie
BlacKkKlansman,Adam Driver
BlacKkKlansman,Paul Walter Hauser
Black Widow,Scarlett Johansson
Black Widow,Florence Pugh
Black Widow,Rachel Weisz
Black Widow,Ray Winstone
Blade Runner 2049,Ryan Gosling
Blade Runner 2049,Harrison Ford
Blade Runner 2049,Dave Bautista
Blade Runner 2049,Robin Wright
Bullet Train,Brad Pitt
Bullet Train,Aaron Taylor-Johnson
Bullet Train,Michael Shannon
Bullet Train,Logan Lerman
Call Me by Your Name,Timothée Chalamet
Captain America: Civil War,Chris Evans
Captain America: Civil War,Robert Downey Jr.
Captain America: Civil War,Scarlett Johansson
Captain America: Civil War,Sebastian Stan
Captain America: Civil War,Don Cheadle
Captain America: Civil War,Jeremy Renner
Captain America: The First Avenger,Chris Evans
Captain America: The First Avenger,Sebastian Stan
Captain America: The First Avenger,Stanley Tucci
Captain America: The First Avenger,Samuel L. Jackson
Captain America: The First Avenger,Toby Jones
Captain America: The Winter Soldier,Chris Evans
Captain America: The Winter Soldier,Samuel L. Jackson
Captain America: The Winter Soldier,Scarlett Johansson
Captain America: The Winter Soldier,Sebastian Stan
Captain Marvel,Samuel L. Jackson
Captain Marvel,Djimon Hounsou
Captain Marvel,Clark Gregg
Cinderella,Cate Blanchett
Cinderella,Stellan Skarsgård
"Crazy, Stupid, Love.",Ryan Gosling
"Crazy, Stupid, Love.",Julianne Moore
"Crazy, Stupid, Love.",Emma Stone
"Crazy, Stupid, Love.",Marisa Tomei
Cruella,Emma Stone
Cruella,Paul Walter Hauser
Cruella,Mark Strong
Dark Phoenix,James McAvoy
Dark Phoenix,Nicholas Hoult
Dark Phoenix,Michael Fassbender
Dark Phoenix,Jennifer Lawrence
Dawn of the Planet of the Apes,Andy Serkis
Dawn of the Planet of the Apes,Jason Clarke
Dawn of the Planet of the Apes,Toby Kebbell
Dawn of the Planet of the Apes,Karin Konoval
Dawn of the Planet of the Apes,Terry Notary
Django Unchained,Jamie Foxx
Django Unchained,Leonardo DiCaprio
Django Unchained,Samuel L. Jackson
Don't Look Up,Leonardo DiCaprio
Don't Look Up,Jennifer Lawrence
Don't Look Up,Cate Blanchett
Don't Look Up,Jonah Hill
Don't Look Up,Timothée Chalamet
Don't Look Up,Ron Perlman
Drive,Ryan Gosling
Drive,Oscar Isaac
Drive,Ron Perlman
Dune,Timothée Chalamet
Dune,Rebecca Ferguson
Dune,Oscar Isaac
Dune,Jason Momoa
Dune,Stellan Skarsgård
Dune,Josh Brolin
Dune,Javier Bardem
Dune: Part Two,Timothée Chalamet
Dune: Part Two,Rebecca Ferguson
Dune: Part Two,Javier Bardem
Dune: Part Two,Josh Brolin
Dune: Part Two,Florence Pugh
Dune: Part Two,Dave Bautista
Easy A,Emma Stone
Ender's Game,Harrison Ford
Ender's Game,Viola Davis
Ender's Game,Ben Kingsley
Extraction,Chris Hemsworth
Fantastic Beasts and Where to Find Them,Colin Farrell
Fantastic Beasts and Where to Find Them,Ron Perlman
Fantastic Beasts and Where to Find Them,Zoë Kravitz
First Man,Ryan Gosling
First Man,Jason Clarke
First Man,Ciarán Hinds
Focus,Margot Robbie
Ford v Ferrari,Matt Damon
Ford v Ferrari,Christian Bale
Ford v Ferrari,Jon Bernthal
Ford v Ferrari,Tracy Letts
Fury,Brad Pitt
Fury,Logan Lerman
Fury,Jon Bernthal
Ghost in the Shell,Scarlett Johansson
Ghostbusters,Kristen Wiig
Ghostbusters,Chris Hemsworth
Glass,James McAvoy
Glass,Samuel L. Jackson
Glass,Sarah Paulson
Guardians of the Galaxy,Chris Pratt
Guardians of the Galaxy,Zoe Saldaña
Guardians of the Galaxy,Dave Bautista
Guardians of the Galaxy,Vin Diesel
Guardians of the Galaxy,Bradley Cooper
Guardians of the Galaxy,Michael Rooker
Guardians of the Galaxy,Karen Gillan
Guardians of the Galaxy,Djimon Hounsou
Guardians of the Galaxy,John C. Reilly
Guardians of the Galaxy Vol. 2,Chris Pratt
Guardians of the Galaxy Vol. 2,Zoe Saldaña
Guardians of the Galaxy Vol. 2,Dave Bautista
Guardians of the Galaxy Vol. 2,Vin Diesel
Guardians of the Galaxy Vol. 2,Bradley Cooper
Guardians of the Galaxy Vol. 2,Michael Rooker
Guardians of the Galaxy Vol. 2,Karen Gillan
Guardians of the Galaxy Vol. 2,Sylvester Stallone
Guardians of the Galaxy Vol. 3,Chris Pratt
Guardians of the Galaxy Vol. 3,Zoe Saldaña
Guardians of the Galaxy Vol. 3,Dave Bautista
Guardians of the Galaxy Vol. 3,Karen Gillan
Guardians of the Galaxy Vol. 3,Vin Diesel
Guardians of the Galaxy Vol. 3,Bradley Cooper
Guardians of the Galaxy Vol. 3,Will Poulter
Her,Scarlett Johansson
Her,Chris Pratt
Horrible Bosses,Colin Farrell
Horrible Bosses,Jamie Foxx
Horrible Bosses,Donald Sutherland
How to Train Your Dragon 2,Cate Blanchett
How to Train Your Dragon 2,America Ferrera
How to Train Your Dragon 2,Jonah Hill
How to Train Your Dragon 2,Kristen Wiig
How to Train Your Dragon 2,Djimon Hounsou
How to Train Your Dragon: The Hidden World,America Ferrera
How to Train Your Dragon: The Hidden World,Cate Blanchett
How to Train Your Dragon: The Hidden World,Jonah Hill
How to Train Your Dragon: The Hidden World,Kristen Wiig
"I, Tonya",Margot Robbie
"I, Tonya",Sebastian Stan
"I, Tonya",Allison Janney
"I, Tonya",Paul Walter Hauser
Inception,Leonardo DiCaprio
Inception,Tom Hardy
Incredibles 2,Samuel L. Jackson
Iron Man 2,Robert Downey Jr.
Iron Man 2,Don Cheadle
Iron Man 2,Scarlett Johansson
Iron Man 2,Samuel L. Jackson
Iron Man 2,Clark Gregg
Jack the Giant Slayer,Nicholas Hoult
Jack the Giant Slayer,Stanley Tucci
Jack the Giant Slayer,Bill Nighy
Jojo Rabbit,Scarlett Johansson
Justice League,Ben Affleck
Justice League,Henry Cavill
Justice League,Amy Adams
Justice League,Gal Gadot
Justice League,Jason Momoa
Justice League,Jeremy Irons
Justice League,Diane Lane
Kingsman: The Golden Circle,Taron Egerton
Kingsman: The Golden Circle,Julianne Moore
Kingsman: The Golden Circle,Mark Strong
Kingsman: The Golden Circle,Pedro Pascal
Kingsman: The Secret Service,Taron Egerton
Kingsman: The Secret Service,Samuel L. Jackson
Kingsman: The Secret Service,Mark Strong
Kong: Skull Island,Tom Hiddleston
Kong: Skull Island,Samuel L. Jackson
Kong: Skull Island,Toby Kebbell
Kong: Skull Island,Shea Whigham
La La Land,Ryan Gosling
La La Land,Emma Stone
Lady Bird,Tracy Letts
Lady Bird,Timothée Chalamet
Little Women,Florence Pugh
Little Women,Timothée Chalamet
Little Women,Tracy Letts
Lucy,Scarlett Johansson
Man of Steel,Henry Cavill
Man of Steel,Amy Adams
Man of Steel,Russell Crowe
Man of Steel,Michael Shannon
Man of Steel,Laurence Fishburne
Man of Steel,Diane Lane
Marriage Story,Adam Driver
Marriage Story,Scarlett Johansson
Megamind,Brad Pitt
Megamind,Jonah Hill
Men in Black: International,Chris Hemsworth
Men in Black: International,Tessa Thompson
Men in Black: International,Rebecca Ferguson
Midsommar,Florence Pugh
Midsommar,Will Poulter
Miss Peregrine's Home for Peculiar Children,Samuel L. Jackson
Miss Peregrine's Home for Peculiar Children,Allison Janney
Moneyball,Brad Pitt
Moneyball,Jonah Hill
Moneyball,Philip Seymour Hoffman
Moneyball,Robin Wright
Moneyball,Chris Pratt
Nocturnal Animals,Amy Adams
Nocturnal Animals,Jake Gyllenhaal
Nocturnal Animals,Michael Shannon
Nocturnal Animals,Aaron Taylor-Johnson
Ocean's Eight,Cate Blanchett
Ocean's Eight,Sarah Paulson
Once Upon a Time... in Hollywood,Leonardo DiCaprio
Once Upon a Time... in Hollywood,Brad Pitt
Once Upon a Time... in Hollywood,Margot Robbie
Oppenheimer,Matt Damon
Oppenheimer,Robert Downey Jr.
Oppenheimer,Florence Pugh
Passengers,Jennifer Lawrence
Passengers,Chris Pratt
Passengers,Laurence Fishburne
Percy Jackson: Sea of Monsters,Logan Lerman
Poor Things,Emma Stone
Poor Things,Mark Ruffalo
Poor Things,Willem Dafoe
Prisoners,Jake Gyllenhaal
Prisoners,Viola Davis
Prisoners,Melissa Leo
Prisoners,Paul Dano
Puss in Boots: The Last Wish,Florence Pugh
Puss in Boots: The Last Wish,Olivia Colman
Puss in Boots: The Last Wish,Ray Winstone
Red Sparrow,Jennifer Lawrence
Red Sparrow,Jeremy Irons
Red Sparrow,Ciarán Hinds
Rise of the Planet of the Apes,Andy Serkis
Rise of the Planet of the Apes,Karin Konoval
Rise of the Planet of the Apes,Terry Notary
Rush,Chris Hemsworth
Shutter Island,Leonardo DiCaprio
Shutter Island,Mark Ruffalo
Shutter Island,Ben Kingsley
Silver Linings Playbook,Bradley Cooper
Silver Linings Playbook,Jennifer Lawrence
Silver Linings Playbook,Shea Whigham
Sing,Matthew McConaughey
Sing,Scarlett Johansson
Sing,John C. Reilly
Sing,Taron Egerton
Snow White and the Huntsman,Chris Hemsworth
Snow White and the Huntsman,Ray Winstone
Snow White and the Huntsman,Toby Jones
Spider-Man: Far From Home,Jake Gyllenhaal
Spider-Man: Far From Home,Samuel L. Jackson
Spider-Man: Far From Home,Marisa Tomei
Spotlight,Mark Ruffalo
Spotlight,Stanley Tucci
Star Trek Beyond,Chris Pine
Star Trek Beyond,Karl Urban
Star Trek Beyond,Zoe Saldaña
Star Trek Beyond,Simon Pegg
Star Trek Beyond,Idris Elba
Star Trek Into Darkness,Chris Pine
Star Trek Into Darkness,Zoe Saldaña
Star Trek Into Darkness,Benedict Cumberbatch
Star Trek Into Darkness,Karl Urban
Star Trek Into Darkness,Simon Pegg
Star Wars: The Force Awakens,Harrison Ford
Star Wars: The Force Awakens,Mark Hamill
Star Wars: The Force Awakens,Carrie Fisher
Star Wars: The Force Awakens,Adam Driver
Star Wars: The Force Awakens,Daisy Ridley
Star Wars: The Force Awakens,John Boyega
Star Wars: The Force Awakens,Oscar Isaac
Star Wars: The Force Awakens,Lupita Nyong'o
Star Wars: The Force Awakens,Andy Serkis
Star Wars: The Force Awakens,Domhnall Gleeson
Star Wars: The Last Jedi,Mark Hamill
Star Wars: The Last Jedi,Carrie Fisher
Star Wars: The Last Jedi,Adam Driver
Star Wars: The Last Jedi,Daisy Ridley
Star Wars: The Last Jedi,John Boyega
Star Wars: The Last Jedi,Oscar Isaac
Star Wars: The Last Jedi,Andy Serkis
Star Wars: The Last Jedi,Lupita Nyong'o
Star Wars: The Last Jedi,Domhnall Gleeson
Star Wars: The Rise of Skywalker,Carrie Fisher
Star Wars: The Rise of Skywalker,Mark Hamill
Star Wars: The Rise of Skywalker,Daisy Ridley
Star Wars: The Rise of Skywalker,Adam Driver
Star Wars: The Rise of Skywalker,John Boyega
Star Wars: The Rise of Skywalker,Oscar Isaac
Star Wars: The Rise of Skywalker,Domhnall Gleeson
Suicide Squad,Margot Robbie
Suicide Squad,Viola Davis
The Adventures of Tintin,Andy Serkis
The Adventures of Tintin,Simon Pegg
The Adventures of Tintin,Toby Jones
The Amazing Spider-Man,Emma Stone
The Amazing Spider-Man 2,Emma Stone
The Amazing Spider-Man 2,Jamie Foxx
The Avengers,Robert Downey Jr.
The Avengers,Chris Evans
The Avengers,Mark Ruffalo
The Avengers,Chris Hemsworth
The Avengers,Scarlett Johansson
The Avengers,Jeremy Renner
The Avengers,Tom Hiddleston
The Avengers,Clark Gregg
The Avengers,Stellan Skarsgård
The Batman,Zoë Kravitz
The Batman,Jeffrey Wright
The Batman,Colin Farrell
The Batman,Paul Dano
The Batman,Andy Serkis
The Big Short,Christian Bale
The Big Short,Ryan Gosling
The Big Short,Brad Pitt
The Big Short,Marisa Tomei
The Big Short,Melissa Leo
The Cabin in the Woods,Chris Hemsworth
The Croods,Emma Stone
The Dark Knight Rises,Christian Bale
The Dark Knight Rises,Tom Hardy
The Equalizer 2,Pedro Pascal
The Equalizer 2,Melissa Leo
The Expendables 3,Sylvester Stallone
The Expendables 3,Harrison Ford
The Favourite,Emma Stone
The Favourite,Olivia Colman
The Favourite,Rachel Weisz
The Favourite,Nicholas Hoult
The Gentlemen,Matthew McConaughey
The Gentlemen,Colin Farrell
The Grand Budapest Hotel,Willem Dafoe
The Great Gatsby,Leonardo DiCaprio
The Great Gatsby,Jason Clarke
The Great Wall,Matt Damon
The Great Wall,Willem Dafoe
The Great Wall,Pedro Pascal
The Hateful Eight,Samuel L. Jackson
The Help,Emma Stone
The Help,Viola Davis
The Help,Allison Janney
The Hunger Games,Jennifer Lawrence
The Hunger Games,Josh Hutcherson
The Hunger Games,Liam Hemsworth
The Hunger Games,Woody Harrelson
The Hunger Games,Elizabeth Banks
The Hunger Games,Stanley Tucci
The Hunger Games,Donald Sutherland
The Hunger Games,Toby Jones
The Hunger Games: Catching Fire,Jennifer Lawrence
The Hunger Games: Catching Fire,Josh Hutcherson
The Hunger Games: Catching Fire,Liam Hemsworth
The Hunger Games: Catching Fire,Woody Harrelson
The Hunger Games: Catching Fire,Elizabeth Banks
The Hunger Games: Catching Fire,Donald Sutherland
The Hunger Games: Catching Fire,Philip Seymour Hoffman
The Hunger Games: Catching Fire,Jeffrey Wright
The Hunger Games: Catching Fire,Stanley Tucci
The Hunger Games: Mockingjay - Part 1,Jennifer Lawrence
The Hunger Games: Mockingjay - Part 1,Josh Hutcherson
The Hunger Games: Mockingjay - Part 1,Liam Hemsworth
The Hunger Games: Mockingjay - Part 1,Woody Harrelson
The Hunger Games: Mockingjay - Part 1,Elizabeth Banks
The Hunger Games: Mockingjay - Part 1,Julianne Moore
The Hunger Games: Mockingjay - Part 1,Philip Seymour Hoffman
The Hunger Games: Mockingjay - Part 1,Jeffrey Wright
The Hunger Games: Mockingjay - Part 1,Stanley Tucci
The Hunger Games: Mockingjay - Part 1,Donald Sutherland
The Hunger Games: Mockingjay - Part 2,Jennifer Lawrence
The Hunger Games: Mockingjay - Part 2,Josh Hutcherson
The Hunger Games: Mockingjay - Part 2,Liam Hemsworth
The Hunger Games: Mockingjay - Part 2,Woody Harrelson
The Hunger Games: Mockingjay - Part 2,Elizabeth Banks
The Hunger Games: Mockingjay - Part 2,Julianne Moore
The Hunger Games: Mockingjay - Part 2,Philip Seymour Hoffman
The Hunger Games: Mockingjay - Part 2,Jeffrey Wright
The Hunger Games: Mockingjay - Part 2,Stanley Tucci
The Hunger Games: Mockingjay - Part 2,Donald Sutherland
The Jungle Book,Ben Kingsley
The Jungle Book,Idris Elba
The Jungle Book,Scarlett Johansson
The Jungle Book,Lupita Nyong'o
The Legend of Tarzan,Samuel L. Jackson
The Legend of Tarzan,Margot Robbie
The Legend of Tarzan,Djimon Hounsou
The Lobster,Colin Farrell
The Lobster,Rachel Weisz
The Lobster,Olivia Colman
The Lobster,John C. Reilly
The Nice Guys,Russell Crowe
The Nice Guys,Ryan Gosling
The Place Beyond the Pines,Ryan Gosling
The Place Beyond the Pines,Bradley Cooper
The Place Beyond the Pines,Rose Byrne
The Revenant,Leonardo DiCaprio
The Revenant,Tom Hardy
The Revenant,Domhnall Gleeson
The Revenant,Will Poulter
The Suicide Squad,Margot Robbie
The Suicide Squad,Idris Elba
The Suicide Squad,Sylvester Stallone
The Suicide Squad,Viola Davis
The Suicide Squad,Michael Rooker
The Wild Robot,Lupita Nyong'o
The Wild Robot,Pedro Pascal
The Wild Robot,Bill Nighy
The Wild Robot,Mark Hamill
The Wolf of Wall Street,Leonardo DiCaprio
The Wolf of Wall Street,Jonah Hill
The Wolf of Wall Street,Margot Robbie
The Wolf of Wall Street,Matthew McConaughey
The Wolf of Wall Street,Jon Bernthal
Thor,Chris Hemsworth
Thor,Natalie Portman
Thor,Tom Hiddleston
Thor,Anthony Hopkins
Thor,Stellan Skarsgård
Thor,Clark Gregg
Thor,Idris Elba
Thor: Love and Thunder,Chris Hemsworth
Thor: Love and Thunder,Natalie Portman
Thor: Love and Thunder,Christian Bale
Thor: Love and Thunder,Tessa Thompson
Thor: Love and Thunder,Russell Crowe
Thor: Love and Thunder,Idris Elba
Thor: Love and Thunder,Chris Pratt
Thor: Love and Thunder,Dave Bautista
Thor: Ragnarok,Chris Hemsworth
Thor: Ragnarok,Mark Ruffalo
Thor: Ragnarok,Tom Hiddleston
Thor: Ragnarok,Cate Blanchett
Thor: Ragnarok,Idris Elba
Thor: Ragnarok,Tessa Thompson
Thor: Ragnarok,Karl Urban
Thor: Ragnarok,Anthony Hopkins
Thor: Ragnarok,Benedict Cumberbatch
Thor: The Dark World,Chris Hemsworth
Thor: The Dark World,Natalie Portman
Thor: The Dark World,Tom Hiddleston
Thor: The Dark World,Anthony Hopkins
Thor: The Dark World,Idris Elba
Total Recall,Colin Farrell
Total Recall,Bill Nighy
Transformers: Age of Extinction,Stanley Tucci
War for the Planet of the Apes,Andy Serkis
War for the Planet of the Apes,Woody Harrelson
War for the Planet of the Apes,Karin Konoval
War for the Planet of the Apes,Terry Notary
War for the Planet of the Apes,Toby Kebbell
Wonder Woman 1984,Gal Gadot
Wonder Woman 1984,Chris Pine
Wonder Woman 1984,Kristen Wiig
Wonder Woman 1984,Pedro Pascal
Wonder Woman 1984,Robin Wright
World War Z,Brad Pitt
X-Men: Apocalypse,James McAvoy
X-Men: Apocalypse,Michael Fassbender
X-Men: Apocalypse,Jennifer Lawrence
X-Men: Apocalypse,Nicholas Hoult
X-Men: Apocalypse,Oscar Isaac
X-Men: Apocalypse,Rose Byrne
X-Men: Days of Future Past,James McAvoy
X-Men: Days of Future Past,Michael Fassbender
X-Men: Days of Future Past,Jennifer Lawrence
X-Men: Days of Future Past,Nicholas Hoult
X-Men: First Class,James McAvoy
X-Men: First Class,Michael Fassbender
X-Men: First Class,Jennifer Lawrence
X-Men: First Class,Rose Byrne
X-Men: First Class,Nicholas Hoult
X-Men: First Class,Zoë Kravitz
Zack Snyder's Justice League,Ben Affleck
Zack Snyder's Justice League,Henry Cavill
Zack Snyder's Justice League,Gal Gadot
Zack Snyder's Justice League,Jason Momoa
Zack Snyder's Justice League,Ciarán Hinds
Zack Snyder's Justice League,Amy Adams
Zack Snyder's Justice League,Willem Dafoe
Zack Snyder's Justice League,Jeremy Irons
Zombieland: Double Tap,Woody Harrelson
Zombieland: Double Tap,Emma Stone
mother!,Jennifer Lawrence
mother!,Javier Bardem
mother!,Domhnall Gleeson
xXx: Return of Xander Cage,Vin Diesel
xXx: Return of Xander Cage,Samuel L. Jackson
